大类,一级类目,二级类目,三级类目,四级类目,类目费率
3C 数码家电,行业服务权益,家电安装,/,/,5.00%
3C 数码家电,行业服务权益,汽摩安装,/,/,5.00%
3C 数码家电,行业服务权益,家装安装,/,/,5.00%
3C 数码家电,行业服务权益,其他二级类目,/,/,10.00%
3C 数码家电,3C 数码及配件,二手 3C 数码配件,/,/,5.00%
3C 数码家电,3C 数码及配件,二手电脑外设及配件,/,/,5.00%
3C 数码家电,3C 数码及配件,二手电脑组件,/,/,5.00%
3C 数码家电,3C 数码及配件,二手电玩及配件,/,/,5.00%
3C 数码家电,3C 数码及配件,二手电脑,/,/,5.00%
3C 数码家电,3C 数码及配件,二手摄影 / 摄像,/,/,5.00%
3C 数码家电,3C 数码及配件,二手手机,/,/,5.00%
3C 数码家电,3C 数码及配件,二手 3C 数码,/,/,5.00%
3C 数码家电,3C 数码及配件,其他二级类目,/,/,2.00%
3C 数码家电,电器,商用电器,商用空调柜机,/,3.00%
3C 数码家电,电器,商用电器,商用热水采暖系统,/,3.00%
3C 数码家电,电器,商用电器,商用冷柜,/,3.00%
3C 数码家电,电器,商用电器,商用冰箱,/,3.00%
3C 数码家电,电器,商用电器,其他三级类目,/,2.00%
3C 数码家电,电器,二手家电,/,/,5.00%
3C 数码家电,电器,二手影音电器,/,/,5.00%
3C 数码家电,电器,电器配件,电视机配件,/,3.00%
3C 数码家电,电器,电器配件,空调配件,/,3.00%
3C 数码家电,电器,电器配件,洗衣机配件,/,3.00%
3C 数码家电,电器,电器配件,冰箱配件,/,3.00%
3C 数码家电,电器,电器配件,烟机灶具配件,/,3.00%
3C 数码家电,电器,电器配件,其他三级类目,/,2.00%
3C 数码家电,电器,清洁电器,内衣清洗机,/,3.00%
3C 数码家电,电器,清洁电器,其他三级类目,/,2.00%
3C 数码家电,电器,环境电器,移动空调,/,3.00%
3C 数码家电,电器,环境电器,其他三级类目,/,2.00%
3C 数码家电,电器,大家电,/,/,3.00%
3C 数码家电,电器,个护健康电器,电动牙刷,/,2.50%
3C 数码家电,电器,个护健康电器,电动刮痧仪,/,3.00%
3C 数码家电,电器,个护健康电器,按摩床垫,/,3.00%
3C 数码家电,电器,个护健康电器,保健 / 保暖护具,/,3.00%
3C 数码家电,电器,个护健康电器,电子秤 / 体重秤,/,3.00%
3C 数码家电,电器,个护健康电器,足浴盆 / 足浴桶 / 足浴器,/,3.00%
3C 数码家电,电器,个护健康电器,按摩器 / 枕 / 坐垫 / 枪,/,3.00%
3C 数码家电,电器,个护健康电器,按摩椅 / 沙发,/,3.00%
3C 数码家电,电器,个护健康电器,电吹风,/,3.00%
3C 数码家电,电器,个护健康电器,电动剃须刀 / 修须刀 / 修胡子造型器,/,2.00%
3C 数码家电,电器,个护健康电器,其他三级类目,/,5.00%
3C 数码家电,电器,冷藏电器,/,/,3.00%
3C 数码家电,电器,厨房电器,电磁灶,/,3.00%
3C 数码家电,电器,厨房电器,电热水龙头,/,3.00%
3C 数码家电,电器,厨房电器,其他三级类目,/,2.00%
3C 数码家电,电器,其他二级类目,/,/,2.00%
3C 数码家电,办公设备及耗材,二手打印设备,/,/,5.00%
3C 数码家电,办公设备及耗材,其他二级类目,/,/,2.00%
3C 数码家电,元器件,/,/,/,2.00%
本地生活,本地生活服务,加油服务,民营加油优惠券,/,1.00%
本地生活,本地生活服务,加油服务,其他三级类目,/,0.60%
本地生活,本地生活服务,兑换提货卡券,/,/,0.60%
本地生活,本地生活服务,装修服务,/,/,2.00%
本地生活,本地生活服务,保险,/,/,1.00%
本地生活,本地生活服务,其他二级类目,/,/,3.00%
本地生活,通讯充值,境外通讯服务,/,/,5.00%
本地生活,通讯充值,无线上网设备,/,/,2.00%
本地生活,通讯充值,新入网手机号套餐,/,/,1.00%
本地生活,通讯充值,话费充值,/,/,0.30%
本地生活,通讯充值,其他二级类目,/,/,0.60%
文娱,教育音像,/,/,/,2.00%
文娱,生活娱乐充值,充电服务,/,/,2.00%
文娱,生活娱乐充值,iTunes 卡,/,/,0.60%
文娱,生活娱乐充值,APP STORE 充值,/,/,0.60%
文娱,生活娱乐充值,其他三级类目,/,/,1.00%
文娱,游戏服务,游戏道具 / 皮肤,/,/,0.60%
文娱,游戏服务,游戏充值,/,/,0.60%
文娱,游戏服务,其他三级类目,/,/,3.00%
文娱,其他二级类目,/,/,/,3.00%
餐饮外卖,现制餐饮美食,/,/,/,5.00%
服饰内衣,服装,/,/,/,5.00%
个护家清,家清纸品,家务工具,/,/,5.00%
个护家清,家清纸品,其他二级类目,/,/,2.50%
个护家清,个人护理,奢品护肤,/,/,5.00%
个护家清,个人护理,洗护美用具,矫正 / 矫姿用品,/,3.00%
个护家清,个人护理,洗护美用具,脱毛工具,/,4.00%
个护家清,个人护理,洗护美用具,面部按摩工具,/,4.00%
个护家清,个人护理,洗护美用具,剃须刀配件,/,2.00%
个护家清,个人护理,洗护美用具,其他三级类目,/,5.00%
个护家清,个人护理,眼部护理,/,/,4.00%
个护家清,个人护理,唇部护理,/,/,4.00%
个护家清,个人护理,身体护理,奢品身体护理,/,5.00%
个护家清,个人护理,身体护理,淡疤护理,/,2.00%
个护家清,个人护理,身体护理,妊娠纹护理,/,2.00%
个护家清,个人护理,身体护理,乳房护理,/,2.00%
个护家清,个人护理,身体护理,孕产妇腹膜,/,2.00%
个护家清,个人护理,身体护理,其他三级类目,/,2.50%
个护家清,个人护理,面部洗护,/,/,4.00%
个护家清,个人护理,其他二级类目,/,/,2.50%
酒类,酒类,/,/,/,2.00%
美妆,彩妆香水,奢品彩妆,/,/,5.00%
美妆,香水 / 香膏,奢品香水,/,/,5.00%
美妆,香水 / 香膏,其他三级类目,/,/,4.00%
美妆,其他二级类目,/,/,/,4.00%
母婴宠物,母婴用品,孕产妇用品,防辐射用品,/,5.00%
母婴宠物,母婴用品,孕产妇用品,其他三级类目,/,2.00%
母婴宠物,母婴用品,婴童床品,/,/,5.00%
母婴宠物,母婴用品,出行用品,电动车儿童座椅,/,3.00%
母婴宠物,母婴用品,出行用品,汽车背带,/,3.00%
母婴宠物,母婴用品,出行用品,儿童座椅棚,/,3.00%
母婴宠物,母婴用品,出行用品,亲子车,/,3.00%
母婴宠物,母婴用品,出行用品,婴童防护耳罩,/,2.00%
母婴宠物,母婴用品,出行用品,婴童防护口罩,/,2.00%
母婴宠物,母婴用品,出行用品,其他三级类目,/,5.00%
母婴宠物,母婴用品,其他二级类目,/,/,2.00%
母婴宠物,宠物生活,狗食品,/,/,2.50%
母婴宠物,宠物生活,猫食品,/,/,2.50%
母婴宠物,宠物生活,其他二级类目,/,/,5.00%
生鲜,冷冻 / 冷藏制品,/,/,/,2.00%
生鲜,肉禽蛋品,/,/,/,2.00%
生鲜,海鲜水产,/,/,/,2.00%
生鲜,水果蔬菜,/,/,/,2.00%
食品饮料,粮油干货 / 方便速食,食用油,/,/,1.00%
食品饮料,粮油干货 / 方便速食,调味品,鱼露,/,1.00%
食品饮料,粮油干货 / 方便速食,调味品,蚝油,/,1.00%
食品饮料,粮油干货 / 方便速食,调味品,橄榄油,/,1.00%
食品饮料,粮油干货 / 方便速食,调味品,木姜子油,/,1.00%
食品饮料,粮油干货 / 方便速食,调味品,其他三级类目,/,2.00%
食品饮料,粮油干货 / 方便速食,五谷杂粮,/,/,1.00%
食品饮料,粮油干货 / 方便速食,其他二级类目,/,/,2.00%
食品饮料,水饮冲调,/,/,/,2.00%
食品饮料,休闲食品,/,/,/,2.00%
图书教育,书籍 / 杂志 / 报纸,二手图书,/,/,5.00%
图书教育,书籍 / 杂志 / 报纸,其他二级类目,/,/,2.00%
图书教育,教育培训,/,/,/,0.60%
图书教育,文教文化用品,笔类 / 书写工具,奢品书写工具,/,5.00%
图书教育,文教文化用品,笔类 / 书写工具,其他三级类目,/,2.00%
图书教育,文教文化用品,其他二级类目,/,/,2.00%
玩具乐器,乐器及配件,二手乐器,/,/,5.00%
玩具乐器,乐器及配件,其他二级类目,/,/,2.00%
玩具乐器,玩具,益智早教玩具,早教机 / 点读学习,/,2.00%
玩具乐器,玩具,益智早教玩具,其他三级类目,/,5.00%
玩具乐器,玩具,儿童骑乘类玩具,自行车 / 三轮车,/,2.00%
玩具乐器,玩具,儿童骑乘类玩具,其他三级类目,/,5.00%
玩具乐器,玩具,其他二级类目,/,/,5.00%
鲜花园艺,农资园艺,肥料,水溶肥 / 叶面肥,/,2.00%
鲜花园艺,农资园艺,肥料,有机肥,/,2.00%
鲜花园艺,农资园艺,肥料,微生物菌剂,/,5.00%
鲜花园艺,农资园艺,肥料,微生物肥料,/,2.00%
鲜花园艺,农资园艺,肥料,基质 / 营养土,/,5.00%
鲜花园艺,农资园艺,肥料,其他三级类目,/,1.00%
鲜花园艺,农资园艺,农机 / 农具,/,/,2.00%
鲜花园艺,农资园艺,畜牧 / 养殖物资,饲料添加剂,/,3.00%
鲜花园艺,农资园艺,畜牧 / 养殖物资,饲料,/,3.00%
鲜花园艺,农资园艺,畜牧 / 养殖物资,其他三级类目,/,5.00%
鲜花园艺,农资园艺,其他二级类目,/,/,5.00%
鞋靴箱包,箱包,/,/,/,5.00%
鞋靴箱包,鞋靴,/,/,/,5.00%
虚拟充值,有价券,/,/,/,0.60%
医疗健康,药品,/,/,/,3.00%
医疗健康,医疗器械及保健用品,情趣用品,/,/,4.00%
医疗健康,医疗器械及保健用品,美容美体,润眼液,/,4.00%
医疗健康,医疗器械及保健用品,美容美体,隐形眼镜护理液,/,4.00%
医疗健康,医疗器械及保健用品,美容美体,透明隐形眼镜,/,4.00%
医疗健康,医疗器械及保健用品,美容美体,其他三级类目,/,5.00%
医疗健康,医疗器械及保健用品,其他二级类目,/,/,3.00%
原料包装,工业品,工业配件,/,/,5.00%
原料包装,工业品,环保与清洁,工业过滤材料,/,5.00%
原料包装,工业品,环保与清洁,其他三级类目,/,2.00%
原料包装,工业品,流体控制元件,/,/,5.00%
原料包装,机床与加工,机床附件,/,/,5.00%
原料包装,机床与加工,磨削抛光材料,/,/,5.00%
原料包装,机床与加工,切削工具系统,/,/,5.00%
原料包装,机床与加工,其他三级类目,/,/,2.00%
原料包装,机床与加工,其他二级类目,/,/,2.00%
运动户外,户外装备,/,/,/,5.00%
运动户外,运动休闲用品,/,/,/,5.00%
智能家居,餐饮厨具,/,/,/,5.00%
智能家居,摩托车 / 电动车 / 自行车用品,/,/,/,2.00%
整车及配件,汽车零配件,油品,汽车发动机机油,/,1.00%
整车及配件,汽车零配件,油品,其他四级类目,/,2.00%
整车及配件,汽车零配件,油品,其他三级类目,/,2.00%
整车及配件,汽车零配件,其他二级类目,/,/,2.00%
整车及配件,汽车用品,美容维修 / 汽保工具,汽车杀菌 / 消毒机,/,3.00%
整车及配件,汽车用品,美容维修 / 汽保工具,洗车手套,/,3.00%
整车及配件,汽车用品,美容维修 / 汽保工具,轮胎防滑剂,/,3.00%
整车及配件,汽车用品,美容维修 / 汽保工具,其他养护清洁剂,/,3.00%
整车及配件,汽车用品,美容维修 / 汽保工具,洗车水管接头,/,3.00%
整车及配件,汽车用品,美容维修 / 汽保工具,洗车海绵 / 洗车泥,/,3.00%
整车及配件,汽车用品,美容维修 / 汽保工具,除油剂,/,3.00%
整车及配件,汽车用品,美容维修 / 汽保工具,除雪工具 / 喷剂,/,3.00%
整车及配件,汽车用品,美容维修 / 汽保工具,内饰清洁 / 养护剂,/,3.00%
整车及配件,汽车用品,美容维修 / 汽保工具,汽车除锈剂 / 防锈剂,/,3.00%
整车及配件,汽车用品,美容维修 / 汽保工具,汽车玻璃防雨 / 防雾剂,/,3.00%
整车及配件,汽车用品,美容维修 / 汽保工具,车掸,/,3.00%
整车及配件,汽车用品,美容维修 / 汽保工具,擦车巾,/,3.00%
整车及配件,汽车用品,美容维修 / 汽保工具,车用清洗 / 除蜡 / 除胶剂,/,3.00%
整车及配件,汽车用品,美容维修 / 汽保工具,车用空气清新剂,/,3.00%
整车及配件,汽车用品,美容维修 / 汽保工具,洗车机,/,3.00%
整车及配件,汽车用品,美容维修 / 汽保工具,其他三级类目,/,2.00%
整车及配件,汽车用品,汽车外饰 / 加装,汽车越野绞盘,/,2.00%
整车及配件,汽车用品,汽车外饰 / 加装,汽车包围,/,2.00%
整车及配件,汽车用品,汽车外饰 / 加装,拉货灯 / 代驾灯类,/,2.00%
整车及配件,汽车用品,汽车外饰 / 加装,前纵梁 / 轮罩板,/,2.00%
整车及配件,汽车用品,汽车外饰 / 加装,车顶架 / 车顶箱,/,2.00%
整车及配件,汽车用品,汽车外饰 / 加装,其他三级类目,/,3.00%
整车及配件,汽车用品,汽车电子 / 电器,/,/,2.00%
整车及配件,汽车用品,其他二级类目,/,/,3.00%
居家日用,居家饰品,香薰产品,/,/,2.50%
居家日用,居家饰品,其他三级类目,/,/,5.00%
居家日用,居家饰品,其他二级类目,/,/,5.00%
家装建材,阳台,/,/,/,5.00%
家装建材,瓷砖 / 砖,砖,/,/,2.00%
家装建材,瓷砖 / 砖,其他三级类目,/,/,5.00%
家装建材,家用阀门,/,/,/,5.00%
家装建材,卫浴配件,浴霸配件,/,/,2.00%
家装建材,卫浴配件,其他三级类目,/,/,5.00%
家装建材,窗及配件,/,/,/,5.00%
家装建材,地板及附件,/,/,/,5.00%
家装建材,门及配件,门配件,/,/,5.00%
家装建材,门及配件,其他三级类目,/,/,2.00%
家装建材,全屋智能,智能马桶盖,/,/,5.00%
家装建材,全屋智能,智能马桶,/,/,5.00%
家装建材,全屋智能,智能门锁配件,/,/,5.00%
家装建材,全屋智能,智能门锁,/,/,5.00%
家装建材,全屋智能,智能晾衣架,/,/,5.00%
家装建材,全屋智能,其他三级类目,/,/,2.00%
家装建材,垃圾处理,/,/,/,5.00%
家装建材,水处理,/,/,/,5.00%
家装建材,建筑五金,/,/,/,5.00%
家装建材,家具五金,墙咔 / 柔性墙板,/,/,/
家装建材,家具五金,凉霸,/,/,2.00%
家装建材,家具五金,换气扇,/,/,2.00%
家装建材,家具五金,其他三级类目,/,/,2.00%
家装建材,家装灯饰光源,/,/,/,2.00%
家装建材,五金 / 工具,机械五金,/,/,2.00%
家装建材,五金 / 工具,劳保用品,/,/,2.00%
家装建材,五金 / 工具,其他二级类目,/,/,5.00%
钟表配饰,时尚饰品,/,/,/,5.00%
钟表配饰,钟表眼镜,/,/,/,5.00%
珠宝文玩,工艺品,/,/,/,5.00%
珠宝文玩,黄金珠宝玉石,贵金属,K 金,/,2.00%
珠宝文玩,黄金珠宝玉石,贵金属,足金,/,0.60%
珠宝文玩,黄金珠宝玉石,贵金属,铂金 / PT,/,3.00%
珠宝文玩,黄金珠宝玉石,贵金属,其他三级类目,/,5.00%
珠宝文玩,黄金珠宝玉石,其他二级类目,/,/,5.00%
珠宝文玩,民俗工艺 / 非遗,/,/,/,5.00%
珠宝文玩,文玩收藏,钱币,纪念币 / 纪念章,普通金属纪念币 / 章,2.00%
珠宝文玩,文玩收藏,钱币,纪念币 / 纪念章,其他四级类目,0.60%
珠宝文玩,文玩收藏,钱币,其他三级类目,/,2.00%
珠宝文玩,文玩收藏,其他二级类目,/,/,5.00%
滋补保健,营养保健 / 特医食品,/,/,/,3.00%
滋补保健,传统滋补,/,/,/,3.00%
滋补保健,保证金,/,/,/,0.00%
